Date,Open,High,Low,Close,Volume
2020-01-01,101.34,101.48,100.87,101.01,808416.0
2020-01-02,105.14,105.44,104.32,104.62,2119237.0
2020-01-03,103.77,104.58,103.21,104.01,1011374.0
2020-01-06,103.33,106.03,100.15,102.84,1042765.0
2020-01-07,99.93,100.7,99.62,100.39,1466114.0
2020-01-08,97.99,98.61,97.08,97.7,1612107.0
2020-01-09,96.7,97.37,96.6,97.26,624121.0
2020-01-10,98.94,99.53,97.88,98.47,726606.0
2020-01-13,97.2,99.01,95.4,97.21,622139.0
2020-01-14,95.11,95.33,94.71,94.93,1844587.0
2020-01-15,94.94,97.45,93.08,95.58,2088151.0
2020-01-16,97.11,97.32,96.47,96.69,2101234.0
2020-01-17,96.33,97.34,96.04,97.05,1808882.0
2020-01-20,95.28,96.99,93.99,95.7,1497365.0
2020-01-21,95.88,96.58,95.51,96.21,535459.0
2020-01-22,98.19,98.76,97.19,97.76,1849857.0
2020-01-23,97.14,97.44,96.68,96.98,1075504.0
2020-01-24,99.37,99.75,99.19,99.57,1252130.0
2020-01-27,101.32,102.73,99.94,101.35,800665.0
2020-01-28,103.8,104.81,102.38,103.39,1611338.0
2020-01-29,102.47,105.45,100.86,103.83,561085.0
2020-01-30,107.12,108.64,105.06,106.57,1596165.0
2020-01-31,107.78,108.17,106.61,106.99,876586.0
2020-02-03,105.94,106.39,105.72,106.17,798796.0
2020-02-04,107.94,108.58,107.59,108.23,2195314.0
2020-02-05,110.09,111.6,108.48,109.99,2144782.0
2020-02-06,109.44,110.02,109.08,109.66,1779657.0
2020-02-07,107.66,110.52,104.62,107.47,998931.0
2020-02-10,107.05,107.99,106.19,107.13,1318644.0
2020-02-11,108.98,110.01,107.2,108.22,2156231.0
2020-02-12,104.86,104.88,104.8,104.83,758312.0
2020-02-13,111.1,111.77,110.57,111.24,1385282.0
2020-02-14,112.95,114.27,111.0,112.31,938704.0
2020-02-17,115.31,116.23,113.6,114.51,1732794.0
2020-02-18,115.62,118.74,113.09,116.2,643539.0
2020-02-19,116.3,118.28,113.82,115.79,543071.0
2020-02-20,113.08,113.76,113.0,113.68,1816642.0
2020-02-21,115.93,116.74,115.21,116.02,851648.0
2020-02-24,115.29,115.67,114.46,114.83,1903328.0
2020-02-25,113.85,115.41,110.89,112.43,1043186.0
2020-02-26,113.27,114.87,112.39,113.98,1808173.0
2020-02-27,113.19,113.89,111.81,112.5,707122.0
2020-02-28,115.56,116.38,113.67,114.49,1738955.0
2020-03-02,115.71,117.12,114.86,116.27,988704.0
2020-03-03,120.04,121.03,118.49,119.47,1895412.0
2020-03-04,121.64,122.7,120.5,121.55,1235234.0
2020-03-05,121.06,122.09,120.07,121.1,1906445.0
2020-03-06,123.76,125.25,121.93,123.42,1494423.0
2020-03-09,123.97,127.34,120.22,123.58,932918.0
2020-03-10,121.98,122.11,121.93,122.06,859854.0
2020-03-11,122.99,123.87,121.82,122.7,2046787.0
2020-03-12,124.78,125.35,123.74,124.3,1218327.0
2020-03-13,124.91,125.98,123.71,124.78,1977256.0
2020-03-16,123.61,124.39,121.76,122.53,761763.0
2020-03-17,123.53,124.95,121.9,123.31,1643790.0
2020-03-18,126.8,128.02,124.72,125.93,1139913.0
2020-03-19,129.42,130.09,128.43,129.09,2123569.0
2020-03-20,141.42,143.3,138.85,140.72,3219395.0
2020-03-23,140.3,141.91,139.23,140.84,1379427.0
2020-03-24,140.56,140.99,140.5,140.94,1322621.0
2020-03-25,143.96,146.63,141.64,144.3,855622.0
2020-03-26,149.7,152.04,147.27,149.6,1126221.0
2020-03-27,149.42,149.74,149.06,149.38,
2020-03-30,149.14,151.17,146.5,148.52,2077106.0
2020-03-31,142.84,143.58,142.57,143.31,1564626.0
2020-04-01,148.44,149.59,146.08,147.22,966920.0
2020-04-02,149.32,150.3,147.05,148.02,1571195.0
2020-04-03,152.4,152.98,150.58,151.15,1717950.0
2020-04-06,148.58,149.3,146.93,147.65,642619.0
2020-04-07,147.71,148.06,146.0,146.34,703797.0
2020-04-08,138.15,139.74,136.74,138.33,1699078.0
2020-04-09,137.82,139.95,134.8,136.92,625879.0
2020-04-10,143.46,145.52,140.58,142.63,2108756.0
2020-04-13,143.69,143.98,143.36,143.65,1477327.0
2020-04-14,145.85,146.82,143.74,144.7,1274548.0
2020-04-15,142.58,143.56,141.55,142.53,1241033.0
2020-04-16,145.24,146.3,144.33,145.39,2121736.0
2020-04-17,145.52,146.69,144.61,145.78,1586450.0
2020-04-20,149.97,150.43,148.9,149.36,1149770.0
2020-04-21,151.4,152.78,150.56,151.94,2005305.0
2020-04-22,154.27,154.45,153.11,153.29,1101172.0
2020-04-23,153.28,156.0,150.9,153.62,1666629.0
2020-04-24,160.02,160.05,159.44,159.48,1497243.0
2020-04-27,158.96,159.88,158.53,159.45,1928212.0
2020-04-28,159.76,161.37,158.81,160.41,996627.0
2020-04-29,167.52,170.56,165.5,168.53,2452299.0
2020-04-30,172.87,173.97,171.79,172.88,737835.0
2020-05-01,173.27,176.89,168.16,171.75,1951409.0
2020-05-04,170.19,170.74,169.29,169.84,1586181.0
2020-05-05,168.68,169.41,167.77,168.5,1868960.0
2020-05-06,167.05,168.66,166.66,168.27,1743310.0
2020-05-07,166.78,167.89,164.55,165.65,722374.0
2020-05-08,169.17,171.66,165.96,168.45,779183.0
2020-05-11,168.68,169.19,168.17,168.68,1219746.0
2020-05-12,170.65,172.06,168.8,170.21,2119274.0
2020-05-13,175.9,179.2,173.36,176.65,2485064.0
2020-05-14,179.61,179.63,179.5,179.52,2271253.0
2020-05-15,178.86,182.93,174.43,178.49,1631677.0
2020-05-18,187.65,189.09,185.4,186.84,833803.0
2020-05-19,188.75,188.96,187.63,187.84,1506663.0
2020-05-20,183.88,186.97,182.78,185.85,1520685.0
2020-05-21,186.24,189.81,182.35,185.91,1725469.0
2020-05-22,182.98,185.1,182.08,184.2,2073736.0
2020-05-25,191.17,191.58,191.03,191.44,2390420.0
2020-05-26,184.9,187.51,182.4,185.01,1499338.0
2020-05-27,190.49,190.75,190.29,190.55,2335423.0
2020-05-28,191.99,192.51,191.9,192.42,1291548.0
2020-05-29,196.83,199.52,193.62,196.3,1811443.0
2020-06-01,190.91,193.35,188.16,190.59,1652850.0
2020-06-02,189.11,189.33,187.44,187.66,2052342.0
2020-06-03,195.91,199.6,192.47,196.16,1018581.0
2020-06-04,202.54,205.56,198.65,201.66,1049219.0
2020-06-05,206.02,210.89,202.4,207.25,2370928.0
2020-06-08,196.73,199.29,196.34,198.89,2351346.0
2020-06-09,203.3,207.88,200.49,205.05,1556780.0
2020-06-10,205.83,205.84,205.4,205.41,1010978.0
2020-06-11,201.95,203.3,200.23,201.58,917078.0
2020-06-12,198.58,200.36,197.1,198.87,1373613.0
2020-06-15,194.28,195.78,193.31,194.8,922231.0
2020-06-16,190.98,193.9,188.24,191.16,1241834.0
2020-06-17,198.3,199.07,198.23,199.0,2552345.0
2020-06-18,200.46,202.79,198.75,201.08,1792388.0
2020-06-19,199.51,200.93,198.36,199.78,1519811.0
2020-06-22,188.1,191.38,186.92,190.19,2399872.0
2020-06-23,194.56,195.16,191.01,191.61,710145.0
2020-06-24,193.58,198.97,190.63,195.98,1060983.0
2020-06-25,193.36,196.75,190.61,193.99,748774.0
2020-06-26,191.22,191.64,189.94,190.35,1803269.0
2020-06-29,189.78,192.59,186.9,189.71,1427146.0
2020-06-30,186.9,187.72,184.62,185.43,847124.0
2020-07-01,182.88,185.41,179.52,182.04,1223476.0
2020-07-02,189.79,189.84,189.61,189.67,1214438.0
2020-07-03,186.96,188.42,186.04,187.51,846436.0
2020-07-06,184.06,188.67,178.84,183.43,2402922.0
2020-07-07,180.83,183.0,179.19,181.36,841915.0
2020-07-08,183.92,184.89,182.76,183.73,1509816.0
2020-07-09,177.46,179.02,176.5,178.05,1290048.0
2020-07-10,177.69,180.66,177.19,180.16,965888.0
2020-07-13,180.65,182.28,178.44,180.07,735143.0
2020-07-14,171.3,177.5,166.53,172.69,814436.0
2020-07-15,170.02,170.67,168.52,169.17,1062132.0
2020-07-16,168.08,169.94,165.58,167.43,1536091.0
2020-07-17,159.49,160.76,157.77,159.03,2622006.0
2020-07-20,157.37,157.63,157.03,157.3,856079.0
2020-07-21,157.08,157.33,155.93,156.17,760486.0
2020-07-22,156.74,157.68,155.35,156.28,
2020-07-23,157.77,158.44,156.88,157.54,1121946.0
2020-07-24,164.57,165.01,163.35,163.79,2408768.0
2020-07-27,154.35,157.38,152.8,155.81,2411298.0
2020-07-28,153.17,155.59,150.74,153.16,2163957.0
2020-07-29,155.05,158.48,151.44,154.87,750681.0
2020-07-30,157.57,157.83,156.86,157.12,1148052.0
2020-07-31,158.23,158.88,157.07,157.73,1912094.0
2020-08-03,163.81,164.6,162.68,163.48,1320170.0
2020-08-04,164.45,165.86,162.99,164.39,1736121.0
2020-08-05,162.44,163.0,161.21,161.77,2008468.0
2020-08-06,160.24,162.17,158.67,160.6,905007.0
2020-08-07,161.98,163.54,159.64,161.19,1515842.0
2020-08-10,160.31,163.95,157.3,160.93,784978.0
2020-08-11,155.66,155.92,154.75,155.01,1506314.0
2020-08-12,156.13,156.21,155.82,155.91,1331713.0
2020-08-13,152.01,152.32,151.67,151.98,2264118.0
2020-08-14,151.96,153.07,150.5,151.6,1599746.0
2020-08-17,149.8,151.03,149.42,150.65,1497956.0
2020-08-18,152.78,154.33,152.0,153.54,2356679.0
2020-08-19,152.32,156.19,148.06,151.92,1214705.0
2020-08-20,150.15,151.56,149.51,150.92,1392362.0
2020-08-21,145.56,145.9,144.77,145.11,1413204.0
2020-08-24,142.29,144.86,139.92,142.48,840134.0
2020-08-25,135.4,136.3,135.39,136.3,1618112.0
2020-08-26,135.72,136.67,133.54,134.48,588844.0
2020-08-27,137.32,138.72,135.57,136.97,2300353.0
2020-08-28,137.15,138.67,133.91,135.41,668807.0
2020-08-31,134.4,135.46,132.9,133.95,2045999.0
2020-09-01,130.54,131.27,129.82,130.56,1688620.0
2020-09-02,126.24,129.71,124.48,127.94,1394132.0
2020-09-03,130.32,133.25,127.62,130.55,2158343.0
2020-09-04,129.08,129.27,128.55,128.74,1031574.0
2020-09-07,124.87,127.06,122.11,124.29,727580.0
2020-09-08,125.22,126.56,124.34,125.68,1676491.0
2020-09-09,122.41,123.76,121.81,123.16,779252.0
2020-09-10,123.74,125.33,122.73,124.32,1951439.0
2020-09-11,121.93,124.01,120.51,122.59,1070610.0
2020-09-14,123.63,125.7,120.5,122.55,1844681.0
2020-09-15,119.07,120.75,117.83,119.5,
2020-09-16,114.15,115.83,113.29,114.96,1536585.0
2020-09-17,109.72,111.58,107.74,109.6,2413079.0
2020-09-18,108.62,109.69,107.57,108.64,1849073.0
2020-09-21,106.63,106.69,106.4,106.46,1740377.0
2020-09-22,101.06,101.9,100.43,101.27,2606839.0
2020-09-23,100.05,100.67,99.7,100.32,577327.0
2020-09-24,98.52,100.13,96.65,98.25,1605486.0
2020-09-25,99.73,100.2,99.13,99.6,1593381.0
2020-09-28,100.55,101.56,99.29,100.3,2001968.0
2020-09-29,94.85,96.37,93.64,95.15,1133843.0
2020-09-30,94.37,94.7,93.95,94.28,1533492.0
2020-10-01,92.24,93.97,90.94,92.67,1848869.0
2020-10-02,88.76,90.06,88.25,89.54,
2020-10-05,88.92,89.47,88.76,89.31,561110.0
2020-10-06,88.61,89.83,88.07,89.29,578523.0
2020-10-07,93.55,93.64,92.93,93.02,935572.0
2020-10-08,91.13,91.44,90.96,91.28,1475274.0
2020-10-09,89.87,91.5,87.93,89.56,2019913.0
2020-10-12,87.87,88.83,86.51,87.46,1709311.0
2020-10-13,84.95,85.19,84.74,84.98,998618.0
2020-10-14,85.32,86.23,84.36,85.27,1652659.0
2020-10-15,86.22,87.16,84.94,85.87,936032.0
2020-10-16,86.13,87.47,84.81,86.15,2047145.0
2020-10-19,86.01,86.18,85.71,85.89,1930277.0
2020-10-20,82.46,82.92,82.09,82.55,2717161.0
2020-10-21,81.8,82.36,81.23,81.79,1069189.0
2020-10-22,81.75,82.9,80.4,81.54,701156.0
2020-10-23,81.99,82.38,81.09,81.48,602930.0
2020-10-26,78.36,79.45,78.04,79.12,2173252.0
2020-10-27,79.86,81.04,78.57,79.75,917073.0
2020-10-28,80.57,81.14,79.98,80.55,1868353.0
2020-10-29,80.4,81.53,78.37,79.49,2049663.0
2020-10-30,77.86,79.87,76.55,78.55,1795576.0
2020-11-02,76.57,77.3,76.35,77.09,1120514.0
2020-11-03,74.3,76.2,72.87,74.75,1979245.0
2020-11-04,75.69,75.87,75.52,75.71,1600866.0
2020-11-05,77.19,78.1,75.68,76.57,1414581.0
2020-11-06,75.08,75.72,74.68,75.32,1943448.0
2020-11-09,73.71,74.14,73.35,73.78,2353475.0
2020-11-10,74.75,75.49,74.32,75.06,2024146.0
2020-11-11,75.05,75.85,74.52,75.32,1349761.0
2020-11-12,77.33,78.96,75.94,77.57,2380626.0
2020-11-13,77.17,77.59,76.34,76.75,1464916.0
2020-11-16,75.32,76.45,74.72,75.84,1773936.0
2020-11-17,73.97,74.6,73.35,73.97,1034516.0
2020-11-18,72.83,73.0,72.67,72.84,1408487.0
2020-11-19,74.69,75.59,73.67,74.57,1264096.0
2020-11-20,75.68,77.08,74.07,75.46,1899577.0
2020-11-23,74.52,75.22,73.67,74.37,2061841.0
2020-11-24,75.33,75.71,74.55,74.93,1535232.0
2020-11-25,76.57,77.07,75.89,76.38,2175969.0
2020-11-26,76.67,76.78,76.1,76.21,757974.0
2020-11-27,75.08,75.39,74.61,74.93,1473754.0
2020-11-30,74.24,74.79,74.21,74.75,1484920.0
2020-12-01,75.37,76.5,74.16,75.29,707925.0
2020-12-02,75.42,76.65,74.23,75.46,1481390.0
2020-12-03,76.2,76.34,75.91,76.05,648856.0
2020-12-04,77.78,78.58,76.93,77.73,1244432.0
2020-12-07,76.31,76.67,75.89,76.26,2150088.0
2020-12-08,75.49,75.78,74.62,74.91,1795089.0
2020-12-09,74.54,75.96,73.27,74.69,2052593.0
2020-12-10,72.95,74.55,71.19,72.79,1933286.0
2020-12-11,72.67,73.48,71.39,72.2,984005.0
2020-12-14,73.54,73.61,72.79,72.87,1198020.0
2020-12-15,70.85,71.56,70.21,70.92,1070564.0
2020-12-16,69.09,70.12,68.1,69.12,2446790.0
2020-12-17,70.91,71.18,70.72,70.99,2115280.0
2020-12-18,72.26,72.58,71.7,72.02,798151.0
2020-12-21,73.94,74.87,72.84,73.76,1516773.0
2020-12-22,72.45,73.77,71.14,72.46,701173.0
2020-12-23,70.66,71.78,69.34,70.46,2165685.0
2020-12-24,70.09,71.58,68.77,70.25,1441649.0
2020-12-25,66.78,67.84,66.1,67.15,2579569.0
2020-12-28,65.77,65.8,65.74,65.77,1721072.0
2020-12-29,64.63,64.97,63.72,64.06,648395.0
2020-12-30,64.39,65.78,63.07,64.47,584712.0
2020-12-31,63.82,64.16,63.7,64.05,744228.0
2021-01-01,66.52,67.14,66.1,66.71,1063434.0
2021-01-04,67.2,67.66,67.02,67.47,1737850.0
2021-01-05,67.68,68.12,67.01,67.45,1577652.0
2021-01-06,68.58,68.97,67.81,68.2,1916068.0
2021-01-07,71.31,71.45,70.43,70.57,1737397.0
2021-01-08,70.15,70.41,69.82,70.08,631814.0
2021-01-11,69.14,69.58,68.8,69.25,2197154.0
2021-01-12,69.62,70.52,68.9,69.8,1820000.0
2021-01-13,70.69,72.21,68.59,70.09,876825.0
2021-01-14,71.57,72.37,70.56,71.37,1797711.0
2021-01-15,71.71,72.9,70.37,71.56,1658832.0
2021-01-18,72.32,74.01,70.98,72.65,1217207.0
2021-01-19,73.64,74.41,72.26,73.03,1293325.0
2021-01-20,72.56,73.95,71.37,72.77,1437849.0
2021-01-21,75.45,76.73,74.41,75.69,2205109.0
2021-01-22,76.85,77.21,76.6,76.96,1447615.0
2021-01-25,78.36,78.65,77.77,78.05,1186066.0
2021-01-26,73.86,74.71,72.89,73.74,1687429.0
2021-01-27,72.15,73.16,71.31,72.32,2331325.0
2021-01-28,73.56,74.8,72.41,73.66,723154.0
2021-01-29,74.87,75.83,73.55,74.5,1277896.0
2021-02-01,73.57,74.56,73.09,74.08,1648029.0
2021-02-02,73.64,74.02,73.38,73.76,1843434.0
2021-02-03,77.88,78.16,77.1,77.38,2686766.0
2021-02-04,77.91,78.09,77.76,77.94,1391057.0
2021-02-05,78.32,78.83,78.21,78.72,2091937.0
2021-02-08,79.61,81.2,77.66,79.25,1260744.0
2021-02-09,81.24,82.95,78.39,80.07,1655514.0
2021-02-10,82.76,83.62,81.65,82.51,2550771.0
2021-02-11,81.59,82.09,81.37,81.86,1257134.0
2021-02-12,82.85,83.03,82.31,82.49,2065013.0
2021-02-15,84.63,84.65,83.76,83.79,1650882.0
2021-02-16,84.94,85.83,83.58,84.47,890439.0
2021-02-17,87.94,88.9,86.28,87.23,1960116.0
2021-02-18,88.94,89.64,88.27,88.97,2165671.0
2021-02-19,91.29,91.6,90.33,90.64,1908692.0
2021-02-22,91.31,92.19,89.9,90.77,1737325.0
2021-02-23,89.25,89.89,88.32,88.97,1382812.0
2021-02-24,89.47,89.66,89.35,89.54,1051101.0
2021-02-25,90.11,92.02,88.96,90.86,1769492.0
2021-02-26,89.91,92.14,87.98,90.2,901530.0
2021-03-01,88.12,88.58,87.97,88.43,1797449.0
2021-03-02,88.09,90.08,85.69,87.66,1389761.0
2021-03-03,87.95,88.36,87.55,87.96,1046216.0
2021-03-04,87.25,88.69,85.38,86.81,1596625.0
2021-03-05,92.43,93.06,91.54,92.17,2550870.0
2021-03-08,94.27,94.54,93.96,94.22,721988.0
2021-03-09,94.87,95.05,94.43,94.61,678745.0
2021-03-10,91.9,92.45,91.81,92.36,2109140.0
2021-03-11,91.88,93.64,89.95,91.7,1516938.0
2021-03-12,90.64,91.94,89.79,91.09,823287.0
2021-03-15,91.59,92.48,90.45,91.34,1323235.0
2021-03-16,90.01,91.03,89.72,90.74,2072442.0
2021-03-17,92.43,93.75,91.13,92.46,1577280.0
2021-03-18,94.13,94.54,93.67,94.07,2030571.0
2021-03-19,96.52,96.8,96.06,96.33,1014341.0
2021-03-22,93.74,95.98,92.1,94.33,2018629.0
2021-03-23,93.27,94.28,92.52,93.53,1231714.0
2021-03-24,92.82,93.47,92.57,93.21,1426104.0
2021-03-25,98.23,99.11,97.72,98.6,2830282.0
2021-03-26,99.53,99.66,99.38,99.51,1541566.0
2021-03-29,100.06,101.59,98.39,99.92,1131146.0
2021-03-30,99.86,102.85,97.29,100.27,1181461.0
2021-03-31,105.12,106.15,103.52,104.54,2834749.0
2021-04-01,107.05,109.0,105.31,107.26,791650.0
2021-04-02,107.8,109.37,106.61,108.18,1121526.0
2021-04-05,109.11,109.95,108.15,108.99,1955208.0
2021-04-06,107.25,107.74,105.63,106.12,1245716.0
2021-04-07,110.65,111.99,108.41,109.74,1605807.0
2021-04-08,111.83,112.32,111.72,112.21,2373112.0
2021-04-09,114.89,115.95,113.74,114.8,793555.0
2021-04-12,112.1,114.05,110.32,112.27,1246091.0
2021-04-13,114.58,115.91,113.88,115.21,2509167.0
2021-04-14,115.96,116.05,115.43,115.51,1809842.0
2021-04-15,122.56,123.04,121.96,122.44,1106527.0
2021-04-16,123.47,124.1,122.5,123.12,1648924.0
2021-04-19,120.76,123.5,119.15,121.88,1205659.0
2021-04-20,122.87,126.23,120.22,123.57,1450117.0
2021-04-21,124.63,125.68,123.54,124.58,1158729.0
2021-04-22,126.32,127.04,125.23,125.95,1061800.0
2021-04-23,127.22,128.19,125.93,126.88,
2021-04-26,125.34,125.4,125.17,125.23,1959933.0
2021-04-27,126.41,127.44,124.51,125.53,780872.0
2021-04-28,127.92,131.15,124.65,127.88,854023.0
2021-04-29,127.91,128.15,127.63,127.87,1950219.0
2021-04-30,130.1,132.87,127.75,130.52,1520060.0
2021-05-03,127.82,128.78,127.64,128.6,1639842.0
2021-05-04,130.68,131.94,129.15,130.41,675263.0
2021-05-05,130.81,132.76,128.77,130.71,2022121.0
2021-05-06,131.03,132.04,130.29,131.3,712419.0
2021-05-07,130.64,131.29,130.24,130.89,1303208.0
2021-05-10,132.34,134.37,129.72,131.74,1529271.0
2021-05-11,124.3,126.32,123.14,125.15,1577463.0
2021-05-12,125.1,126.81,123.59,125.3,1618508.0
2021-05-13,124.78,128.37,121.55,125.12,1320692.0
2021-05-14,127.1,128.39,125.84,127.12,1533119.0
2021-05-17,130.41,130.63,130.2,130.43,913411.0
2021-05-18,127.44,129.49,125.95,127.99,1440546.0
2021-05-19,125.98,128.01,123.04,125.06,2259043.0
2021-05-20,124.97,127.11,123.54,125.67,1212856.0
2021-05-21,129.64,130.27,127.63,128.26,1795500.0
2021-05-24,127.33,127.68,126.47,126.82,1580038.0
2021-05-25,127.05,128.01,125.8,126.76,1274611.0
2021-05-26,125.53,125.81,125.18,125.47,690969.0
2021-05-27,124.7,125.78,124.47,125.54,1030665.0
2021-05-28,124.56,125.4,123.0,123.84,883456.0
2021-05-31,127.37,128.29,125.83,126.74,1773866.0
2021-06-01,124.22,126.09,122.66,124.53,801211.0
2021-06-02,128.4,129.11,127.4,128.11,724742.0
2021-06-03,135.72,137.7,132.55,134.51,2433031.0
2021-06-04,136.33,138.05,134.87,136.58,2183423.0
2021-06-07,133.23,134.88,132.44,134.09,1357987.0
2021-06-08,138.97,140.66,137.44,139.12,2517963.0
2021-06-09,139.12,140.98,136.63,138.49,1803030.0
2021-06-10,138.61,139.17,138.21,138.78,1800220.0
2021-06-11,144.24,145.52,142.43,143.71,2011670.0
2021-06-14,144.12,145.99,141.97,143.84,1741898.0
2021-06-15,140.22,141.31,140.17,141.27,2075080.0
2021-06-16,142.27,144.69,139.68,142.1,1001949.0
2021-06-17,150.56,153.29,147.37,150.09,2827949.0
2021-06-18,154.18,155.33,153.14,154.29,657599.0
2021-06-21,149.2,151.14,147.96,149.89,2553584.0
2021-06-22,147.93,149.62,146.67,148.36,1468904.0
2021-06-23,150.96,152.05,148.8,149.88,862079.0
2021-06-24,153.81,154.85,152.87,153.91,2083151.0
2021-06-25,153.25,156.33,151.02,154.1,732066.0
2021-06-28,156.87,157.45,154.94,155.52,1998341.0
2021-06-29,154.27,156.89,150.55,153.15,1289641.0
2021-06-30,147.65,149.93,145.78,148.06,1950254.0
2021-07-01,155.36,156.09,155.16,155.89,2052726.0
2021-07-02,163.11,165.08,160.32,162.28,1275207.0
2021-07-05,164.23,164.25,163.15,163.16,649187.0
2021-07-06,161.79,162.53,160.5,161.23,1882236.0
2021-07-07,164.34,168.89,159.14,163.68,830749.0
2021-07-08,161.37,164.45,158.36,161.43,1589052.0
2021-07-09,161.28,161.58,160.51,160.81,1175541.0
2021-07-12,163.34,164.48,162.39,163.53,2057079.0
2021-07-13,157.29,160.73,155.4,158.83,1778797.0
2021-07-14,156.59,158.34,154.73,156.48,1088323.0
2021-07-15,150.72,152.43,149.17,150.87,2394705.0
2021-07-16,151.16,152.85,150.35,152.04,754681.0
2021-07-19,141.74,142.3,141.45,142.01,2066457.0
2021-07-20,144.78,145.88,144.12,145.22,1735654.0
2021-07-21,145.29,146.28,144.71,145.71,1535054.0
2021-07-22,144.56,145.49,144.27,145.2,1924007.0
2021-07-23,141.64,143.49,140.45,142.29,1967171.0
2021-07-26,145.17,145.58,144.77,145.18,662227.0
2021-07-27,140.54,141.48,140.4,141.34,1412351.0
2021-07-28,142.49,142.89,142.04,142.44,2053426.0
2021-07-29,143.14,143.73,142.98,143.57,960953.0
2021-07-30,145.44,147.26,143.4,145.22,1333742.0
2021-08-02,140.02,140.13,139.66,139.77,1408674.0
2021-08-03,136.13,137.23,134.89,135.99,1632900.0
2021-08-04,138.16,138.57,137.65,138.06,1799161.0
2021-08-05,134.61,135.45,134.49,135.34,896267.0
2021-08-06,128.01,128.58,126.17,126.74,1827919.0
2021-08-09,126.91,129.52,124.28,126.89,1730871.0
2021-08-10,123.35,124.18,122.55,123.38,2143746.0
2021-08-11,120.46,121.71,119.49,120.75,1984709.0
2021-08-12,118.04,119.75,116.28,117.98,2232661.0
2021-08-13,117.13,118.96,114.79,116.61,1459734.0
2021-08-16,115.06,116.18,113.94,115.06,1682777.0
2021-08-17,112.57,113.87,111.22,112.51,1137300.0
2021-08-18,109.0,109.39,107.87,108.26,2000396.0
2021-08-19,106.85,108.22,105.45,106.82,834943.0
2021-08-20,108.33,109.39,106.91,107.97,1080433.0
2021-08-23,105.42,106.36,105.0,105.93,1379975.0
2021-08-24,105.44,106.22,104.56,105.33,1926459.0
2021-08-25,104.35,105.86,102.88,104.39,2152871.0
2021-08-26,105.59,106.8,103.64,104.84,781225.0
2021-08-27,104.37,105.4,102.73,103.75,1742511.0
2021-08-30,108.15,109.02,106.96,107.83,2488778.0
2021-08-31,106.1,108.04,104.7,106.64,1339906.0
2021-09-01,108.74,108.92,107.86,108.04,1172600.0
2021-09-02,109.75,110.33,109.73,110.3,1896878.0
2021-09-03,108.21,109.05,107.6,108.44,1194685.0
2021-09-06,111.23,111.59,110.21,110.56,1230125.0
2021-09-07,113.01,113.12,112.2,112.32,2281348.0
2021-09-08,108.54,109.54,108.19,109.19,1955774.0
2021-09-09,111.52,111.97,110.78,111.23,
2021-09-10,112.48,113.99,110.89,112.41,1059203.0
2021-09-13,114.57,116.52,113.4,115.33,2404389.0
2021-09-14,114.83,115.39,113.91,114.47,957343.0
2021-09-15,116.27,116.59,115.58,115.89,1507488.0
2021-09-16,115.65,116.77,113.89,115.01,1420551.0
2021-09-17,113.92,114.24,113.63,113.96,727073.0
2021-09-20,111.49,111.59,111.2,111.3,1134369.0
2021-09-21,110.54,111.02,109.65,110.13,2062978.0
2021-09-22,110.18,111.38,109.51,110.7,1835254.0
2021-09-23,112.37,113.33,111.62,112.58,782472.0
2021-09-24,112.55,114.75,110.48,112.68,523057.0
2021-09-27,110.34,112.59,108.26,110.51,1666995.0
2021-09-28,107.13,108.28,105.49,106.63,2483901.0
2021-09-29,108.94,110.1,108.14,109.29,690091.0
2021-09-30,108.47,110.24,107.21,108.97,659704.0
2021-10-01,109.18,109.47,108.54,108.83,1766748.0
2021-10-04,106.49,109.03,105.43,107.95,1054061.0
2021-10-05,107.76,109.54,106.17,107.95,1402989.0
2021-10-06,107.58,108.6,105.7,106.72,1546387.0
2021-10-07,109.54,110.65,108.01,109.11,1553605.0
2021-10-08,109.15,110.07,107.06,107.97,2126899.0
2021-10-11,106.7,108.28,104.8,106.38,1445658.0
2021-10-12,103.29,103.88,103.09,103.67,1515863.0
2021-10-13,99.07,100.32,98.85,100.1,1067832.0
2021-10-14,96.81,97.55,96.04,96.77,677297.0
2021-10-15,93.21,94.5,92.2,93.48,1819592.0
2021-10-18,88.92,89.09,88.82,88.99,933728.0
2021-10-19,89.22,90.01,88.31,89.1,1030161.0
2021-10-20,91.22,91.24,90.35,90.37,2272139.0
2021-10-21,89.75,90.4,89.39,90.04,1131045.0
2021-10-22,86.55,87.92,85.06,86.43,1977766.0
2021-10-25,86.24,87.27,85.44,86.47,1941349.0
2021-10-26,85.34,85.46,84.53,84.65,812917.0
2021-10-27,84.68,86.34,83.98,85.63,1174951.0
2021-10-28,85.09,85.98,84.25,85.14,655595.0
2021-10-29,84.94,85.44,84.5,85.01,1526287.0
2021-11-01,82.37,83.57,81.21,82.41,1898893.0
2021-11-02,81.89,82.06,81.41,81.58,1991887.0
2021-11-03,79.68,80.43,79.39,80.14,609074.0
2021-11-04,80.02,81.64,78.66,80.28,1249906.0
2021-11-05,79.29,79.37,79.16,79.23,1147175.0
2021-11-08,77.48,78.15,76.33,76.99,2268731.0
2021-11-09,74.82,76.61,73.5,75.27,1173071.0
2021-11-10,76.88,77.08,76.13,76.33,1935586.0
2021-11-11,76.77,77.02,76.57,76.82,1040816.0
2021-11-12,78.44,79.88,76.56,77.99,1615247.0
2021-11-15,78.65,79.97,77.76,79.08,1306521.0
2021-11-16,77.62,78.53,76.87,77.78,626566.0
2021-11-17,79.35,80.68,78.24,79.57,1370608.0
2021-11-18,78.91,80.26,78.03,79.38,1442674.0
2021-11-19,77.42,77.89,76.97,77.43,1907784.0
2021-11-22,77.0,77.48,76.97,77.45,542148.0
2021-11-23,77.58,77.75,77.57,77.75,567760.0
2021-11-24,77.28,78.27,76.43,77.42,557592.0
2021-11-25,77.47,78.71,76.02,77.25,689055.0
2021-11-26,76.99,77.06,76.83,76.9,1915204.0
2021-11-29,78.34,78.67,78.05,78.38,1285652.0
2021-11-30,77.83,79.04,77.42,78.63,754292.0
2021-12-01,81.55,83.37,79.48,81.29,1553599.0
2021-12-02,82.09,83.32,81.21,82.45,904587.0
2021-12-03,81.57,82.78,81.19,82.39,1380603.0
2021-12-06,82.91,83.52,82.77,83.37,1611641.0
2021-12-07,79.21,79.43,78.55,78.77,2220339.0
2021-12-08,81.37,82.26,81.01,81.9,780719.0
2021-12-09,86.78,88.09,85.37,86.67,2058554.0
2021-12-10,87.94,88.26,87.5,87.82,1915247.0
2021-12-13,88.93,89.26,88.43,88.76,1356053.0
2021-12-14,88.88,89.1,88.19,88.41,1104420.0
2021-12-15,86.7,87.53,86.14,86.96,1474993.0
2021-12-16,89.81,92.38,87.37,89.93,2413056.0
2021-12-17,90.53,90.79,90.04,90.3,1415011.0
2021-12-20,91.32,92.48,90.26,91.41,
2021-12-21,92.61,95.33,89.59,92.31,580396.0
2021-12-22,92.82,94.76,91.01,92.94,1691826.0
2021-12-23,91.79,92.61,91.41,92.23,1835588.0
2021-12-24,89.96,91.08,89.16,90.27,2347968.0
2021-12-27,92.39,92.86,91.58,92.05,1928730.0
2021-12-28,92.65,93.31,92.26,92.92,1809160.0
2021-12-29,95.68,96.36,94.83,95.51,809251.0
2021-12-30,98.41,99.23,97.6,98.42,1449944.0
2021-12-31,97.44,97.97,97.3,97.83,1815535.0
2022-01-03,97.7,97.73,97.38,97.4,990512.0
2022-01-04,97.75,98.55,96.63,97.43,576785.0
2022-01-05,99.41,99.92,99.25,99.76,1168782.0
2022-01-06,99.65,100.59,98.31,99.24,1033449.0
2022-01-07,99.64,101.24,98.11,99.71,1529190.0
2022-01-10,100.8,101.08,99.84,100.12,712392.0
2022-01-11,98.11,98.12,97.62,97.62,1466289.0
2022-01-12,101.85,103.12,100.49,101.75,1227456.0
2022-01-13,102.17,103.03,101.03,101.89,1729095.0
2022-01-14,105.23,108.13,102.12,105.02,1186242.0
2022-01-17,104.34,106.27,102.43,104.36,744898.0
2022-01-18,103.07,103.66,102.92,103.5,541395.0
2022-01-19,106.57,107.24,105.9,106.56,1184900.0
2022-01-20,107.6,107.76,106.99,107.16,1028543.0
2022-01-21,106.01,106.71,105.72,106.42,967832.0
2022-01-24,106.05,106.98,104.99,105.91,1205564.0
2022-01-25,107.05,107.3,106.41,106.65,2081897.0
2022-01-26,106.75,108.7,106.13,108.07,1642164.0
2022-01-27,108.73,109.75,108.17,109.18,1653150.0
2022-01-28,110.26,110.82,110.04,110.6,1890717.0
2022-01-31,110.59,111.08,110.03,110.51,1048375.0
2022-02-01,110.14,111.61,109.48,110.94,844682.0
2022-02-02,106.06,108.31,104.57,106.81,793692.0
2022-02-03,107.48,109.04,105.74,107.3,855214.0
2022-02-04,110.37,110.78,108.82,109.22,2146614.0
2022-02-07,110.5,112.55,109.31,111.36,842846.0
2022-02-08,114.14,115.59,112.23,113.68,1176035.0
2022-02-09,111.53,113.87,109.7,112.03,2100952.0
2022-02-10,114.24,116.06,113.24,115.05,745300.0
2022-02-11,117.01,118.18,115.41,116.58,591294.0
2022-02-14,115.5,117.93,113.74,116.16,548068.0
2022-02-15,114.71,117.35,113.57,116.2,1300969.0
2022-02-16,116.9,116.99,116.8,116.89,1267135.0
2022-02-17,117.94,119.29,117.3,118.64,1910647.0
2022-02-18,123.76,123.91,122.66,122.81,2653708.0
2022-02-21,125.1,126.07,124.36,125.32,634055.0
2022-02-22,124.08,125.77,122.87,124.54,1356437.0
2022-02-23,122.81,124.61,120.91,122.71,2031471.0
2022-02-24,125.08,125.92,123.82,124.66,1375266.0
2022-02-25,122.23,123.31,121.22,122.29,1928487.0
2022-02-28,119.13,119.98,118.3,119.16,2433490.0
2022-03-01,119.1,120.13,118.82,119.85,840060.0
2022-03-02,119.0,120.0,118.6,119.59,1707757.0
2022-03-03,119.02,119.31,118.43,118.72,1161003.0
2022-03-04,123.51,124.96,121.55,122.99,1383600.0
2022-03-07,123.92,124.5,122.73,123.31,1601832.0
2022-03-08,123.69,125.14,122.35,123.79,2012697.0
2022-03-09,122.29,122.52,120.85,121.07,749402.0
2022-03-10,122.51,123.93,121.48,122.89,1368416.0
2022-03-11,118.21,120.89,116.4,119.06,754220.0
2022-03-14,119.5,120.03,118.74,119.28,878640.0
2022-03-15,117.27,117.81,115.56,116.1,772206.0
2022-03-16,114.11,114.3,113.91,114.09,920694.0
2022-03-17,116.37,116.76,116.34,116.74,1497582.0
2022-03-18,119.87,121.03,118.23,119.38,1790903.0
2022-03-21,118.79,119.35,117.36,117.92,1401158.0
2022-03-22,119.22,120.08,118.48,119.34,945127.0
2022-03-23,118.03,118.75,116.8,117.51,1837526.0
2022-03-24,117.62,118.32,117.44,118.14,572630.0
2022-03-25,124.35,124.88,124.04,124.57,1693851.0
2022-03-28,122.77,125.43,121.12,123.76,1737030.0
2022-03-29,119.3,120.91,118.1,119.71,
2022-03-30,121.94,124.4,120.26,122.7,1075939.0
2022-03-31,124.19,125.63,123.0,124.44,2197970.0
2022-04-01,128.9,130.88,125.66,127.63,
2022-04-04,131.92,132.65,131.78,132.51,2545664.0
2022-04-05,129.25,131.34,127.43,129.52,1489329.0
2022-04-06,126.08,126.89,126.06,126.87,1201037.0
2022-04-07,129.76,130.23,129.0,129.47,731059.0
2022-04-08,124.46,124.7,123.94,124.18,1405846.0
2022-04-11,126.3,127.61,124.53,125.84,1679349.0
2022-04-12,121.47,122.16,121.08,121.77,915311.0
2022-04-13,120.96,123.38,120.13,122.53,618207.0
2022-04-14,121.8,123.13,120.07,121.39,1762707.0
2022-04-15,120.55,120.86,119.57,119.87,1073757.0
2022-04-18,122.98,124.48,121.77,123.27,1355396.0
2022-04-19,123.63,126.53,121.83,124.71,1665556.0
2022-04-20,125.27,126.81,124.26,125.79,1816455.0
2022-04-21,128.63,129.36,127.83,128.56,687759.0
2022-04-22,132.16,134.14,129.49,131.46,2008414.0
2022-04-25,128.68,129.34,128.64,129.3,1471347.0
2022-04-26,131.41,131.65,130.82,131.06,1785483.0
2022-04-27,134.13,135.27,133.03,134.18,1908717.0
2022-04-28,137.96,138.54,136.81,137.39,982409.0
2022-04-29,136.03,138.64,134.26,136.87,2042183.0
2022-05-02,138.72,139.81,137.33,138.41,2137004.0
2022-05-03,143.05,146.53,139.63,143.1,997213.0
2022-05-04,145.59,147.05,144.36,145.81,2090733.0
2022-05-05,147.32,147.41,146.9,146.99,921384.0
2022-05-06,151.08,151.95,149.84,150.7,723527.0
2022-05-09,151.09,153.84,148.31,151.06,1836467.0
2022-05-10,150.8,153.25,150.01,152.45,761536.0
2022-05-11,155.59,158.13,153.85,156.38,2273294.0
2022-05-12,161.55,162.55,160.01,161.0,1759124.0
2022-05-13,157.12,157.73,157.01,157.62,1127009.0
2022-05-16,153.24,156.5,151.16,154.41,1924915.0
2022-05-17,157.44,158.64,156.36,157.56,2017585.0
2022-05-18,155.42,158.96,152.77,156.29,631952.0
2022-05-19,161.16,162.15,160.28,161.28,1929123.0
2022-05-20,165.41,168.11,163.02,165.71,2073157.0
2022-05-23,160.72,161.62,160.25,161.15,1166174.0
2022-05-24,161.79,161.87,161.68,161.76,798354.0
2022-05-25,159.05,161.96,156.65,159.54,1770529.0
2022-05-26,153.44,156.04,152.02,154.6,1058259.0
2022-05-27,153.09,155.87,150.42,153.19,1016063.0
2022-05-30,152.93,153.59,152.82,153.48,625059.0
2022-05-31,153.51,153.64,153.24,153.37,643011.0
2022-06-01,157.5,160.65,155.39,158.53,698642.0
2022-06-02,162.73,164.66,159.98,161.91,1716417.0
2022-06-03,159.51,160.97,157.24,158.7,2300480.0
2022-06-06,159.23,159.57,158.67,159.01,1408228.0
2022-06-07,161.27,163.34,159.38,161.45,1585981.0
2022-06-08,159.84,161.67,159.31,161.15,1973413.0
2022-06-09,165.79,166.35,164.78,165.33,2475598.0
2022-06-10,162.07,163.59,160.67,162.19,1930717.0
2022-06-13,160.64,162.33,159.32,161.0,1701679.0
2022-06-14,154.66,154.76,154.64,154.73,1972464.0
2022-06-15,150.0,151.42,148.97,150.38,1023500.0
2022-06-16,151.94,152.49,150.97,151.51,559751.0
2022-06-17,148.48,150.2,147.46,149.17,685731.0
2022-06-20,145.58,148.29,143.1,145.8,1728218.0
2022-06-21,143.3,143.65,142.6,142.95,2270837.0
2022-06-22,143.95,145.97,141.79,143.8,1510495.0
2022-06-23,145.9,147.76,144.6,146.46,1251667.0
2022-06-24,146.99,147.21,146.2,146.42,1310311.0
2022-06-27,143.3,145.28,141.11,143.09,2064324.0
2022-06-28,143.31,146.93,140.24,143.85,918942.0
2022-06-29,142.85,145.31,139.01,141.44,2222454.0
2022-06-30,138.03,139.94,137.37,139.27,614813.0
2022-07-01,139.04,141.72,136.37,139.05,1920305.0
2022-07-04,135.74,136.34,135.4,136.0,1359240.0
2022-07-05,131.01,132.26,129.95,131.19,819676.0
2022-07-06,129.05,130.42,128.35,129.72,2027254.0
2022-07-07,130.84,132.33,129.58,131.06,1064360.0
2022-07-08,127.98,129.18,127.85,129.05,1503270.0
2022-07-11,124.68,126.33,122.74,124.38,1309714.0
2022-07-12,123.5,125.78,122.09,124.35,1261305.0
2022-07-13,123.07,124.11,121.91,122.96,879345.0
2022-07-14,130.6,131.15,129.51,130.05,2770187.0
2022-07-15,131.96,132.77,129.83,130.62,773000.0
2022-07-18,126.69,127.94,125.1,126.35,2044609.0
2022-07-19,124.38,124.74,123.41,123.77,1531975.0
2022-07-20,125.39,125.74,124.77,125.12,1143919.0
2022-07-21,125.73,126.12,123.84,124.22,930555.0
2022-07-22,124.33,124.88,124.15,124.7,883882.0
2022-07-25,124.89,128.52,122.28,125.89,1436846.0
2022-07-26,120.18,121.48,118.25,119.54,1139463.0
2022-07-27,112.45,112.45,112.26,112.26,2089896.0
2022-07-28,113.41,114.22,113.13,113.94,776553.0
2022-07-29,110.71,111.72,110.26,111.27,1342639.0
2022-08-01,111.53,111.68,111.29,111.43,1280653.0
2022-08-02,110.7,110.75,109.21,109.27,1723197.0
2022-08-03,106.32,107.48,104.71,105.87,674860.0
2022-08-04,106.23,108.09,104.16,106.03,1790633.0
2022-08-05,106.11,108.42,103.9,106.21,1716146.0
2022-08-08,101.72,102.33,101.51,102.13,1497479.0
2022-08-09,101.05,101.32,100.3,100.57,1512460.0
2022-08-10,99.01,99.22,98.21,98.42,1396505.0
2022-08-11,96.66,98.04,95.62,97.0,1173888.0
2022-08-12,94.87,95.33,94.69,95.16,1884678.0
2022-08-15,90.21,91.37,88.62,89.78,802343.0
2022-08-16,89.57,90.68,88.55,89.66,1728487.0
2022-08-17,89.46,89.7,88.55,88.79,658058.0
2022-08-18,89.48,90.78,87.87,89.17,1776992.0
2022-08-19,90.0,91.03,88.94,89.97,1642820.0
2022-08-22,91.16,92.0,90.52,91.36,2118410.0
2022-08-23,89.26,89.57,88.84,89.16,2032774.0
2022-08-24,91.4,92.38,90.34,91.32,1799537.0
2022-08-25,92.01,92.66,91.93,92.58,1791794.0
2022-08-26,89.88,90.96,89.29,90.37,1018180.0
2022-08-29,87.73,88.55,86.99,87.8,1619027.0
2022-08-30,85.15,86.44,83.64,84.93,2248542.0
2022-08-31,85.38,86.65,84.59,85.85,993086.0
2022-09-01,85.21,86.19,84.74,85.72,798814.0
2022-09-02,83.89,84.74,82.75,83.6,1737192.0
2022-09-05,84.19,85.23,82.92,83.96,1711887.0
2022-09-06,84.4,85.2,83.0,83.79,1170696.0
2022-09-07,83.61,84.92,82.26,83.57,1010681.0
2022-09-08,82.61,83.28,82.05,82.73,2195961.0
2022-09-09,82.93,83.19,82.47,82.73,601429.0
2022-09-12,78.84,80.08,77.93,79.17,2447710.0
2022-09-13,76.42,76.62,76.23,76.43,2253946.0
2022-09-14,75.75,77.13,74.14,75.51,1659971.0
2022-09-15,76.26,77.27,75.1,76.11,1451589.0
2022-09-16,77.42,78.17,76.55,77.29,1595217.0
2022-09-19,76.45,76.61,76.43,76.59,1703934.0
2022-09-20,77.71,78.98,76.66,77.93,1639426.0
2022-09-21,78.05,79.69,76.17,77.81,1411446.0
2022-09-22,78.61,78.92,78.56,78.87,1718595.0
2022-09-23,77.5,78.64,75.61,76.74,1962084.0
2022-09-26,76.19,77.19,74.87,75.86,818367.0
2022-09-27,76.95,78.24,75.44,76.73,1317615.0
2022-09-28,74.92,75.63,74.03,74.74,950252.0
2022-09-29,76.96,77.62,76.15,76.81,2477943.0
2022-09-30,78.3,79.07,76.37,77.12,1148513.0
2022-10-03,76.81,77.69,75.78,76.66,1457711.0
2022-10-04,75.8,77.12,74.07,75.38,674022.0
2022-10-05,74.77,75.11,74.36,74.7,1987162.0
2022-10-06,73.66,73.9,73.12,73.36,962825.0
2022-10-07,74.3,74.9,73.37,73.97,2160149.0
2022-10-10,72.32,72.52,72.08,72.29,1469361.0
2022-10-11,70.62,70.83,70.48,70.7,740251.0
2022-10-12,68.92,69.62,68.46,69.16,1465022.0
2022-10-13,68.27,68.55,68.07,68.35,2188292.0
2022-10-14,67.63,68.94,66.48,67.79,1838461.0
2022-10-17,65.37,66.22,64.69,65.53,1178685.0
2022-10-18,64.0,65.25,63.12,64.36,699721.0
2022-10-19,64.62,65.12,64.26,64.75,1905931.0
2022-10-20,63.45,64.72,62.23,63.5,1606281.0
2022-10-21,62.94,63.13,62.69,62.88,785487.0
2022-10-24,66.01,66.95,64.82,65.76,1794616.0
2022-10-25,65.3,65.85,64.47,65.01,652103.0
2022-10-26,63.24,64.74,62.49,63.98,1838189.0
2022-10-27,66.5,67.04,65.8,66.34,1328304.0
2022-10-28,66.78,67.59,65.91,66.73,2102264.0
2022-10-31,65.87,66.44,65.31,65.89,1816526.0
2022-11-01,63.0,65.57,60.9,63.46,2403555.0
2022-11-02,63.89,64.67,63.66,64.44,1362202.0
2022-11-03,63.44,63.75,63.02,63.33,931205.0
2022-11-04,66.45,67.53,64.66,65.72,1164064.0
2022-11-07,65.41,66.78,63.76,65.13,1628388.0
2022-11-08,64.73,65.63,64.02,64.92,854292.0
2022-11-09,63.53,63.95,63.25,63.67,1107343.0
2022-11-10,62.8,62.94,62.28,62.42,1257199.0
2022-11-11,61.58,61.91,61.51,61.84,1932963.0
2022-11-14,60.55,61.18,60.26,60.89,954259.0
2022-11-15,61.5,61.72,61.11,61.34,960513.0
2022-11-16,61.72,62.67,60.96,61.91,1299179.0
2022-11-17,62.63,63.16,62.18,62.71,1387510.0
2022-11-18,61.76,62.17,61.26,61.67,1401495.0
2022-11-21,61.16,62.2,60.19,61.22,784663.0
2022-11-22,57.4,57.84,57.11,57.55,2786194.0
2022-11-23,58.82,59.5,58.46,59.15,1616738.0
2022-11-24,60.5,60.63,60.22,60.35,692275.0
2022-11-25,65.12,65.33,65.09,65.29,2105220.0
2022-11-28,64.75,64.95,64.57,64.77,924624.0
2022-11-29,63.69,64.13,63.53,63.97,1034861.0
2022-11-30,63.37,64.23,62.66,63.52,1742070.0
2022-12-01,65.36,65.72,65.15,65.51,1123496.0
2022-12-02,66.65,67.94,65.42,66.71,709146.0
2022-12-05,67.58,68.62,66.5,67.53,956991.0
2022-12-06,67.13,67.17,67.05,67.1,2022682.0
2022-12-07,67.1,68.07,66.64,67.6,1631126.0
2022-12-08,68.97,69.59,68.65,69.27,1151240.0
2022-12-09,71.37,72.08,70.3,71.0,1791873.0
2022-12-12,69.59,70.32,69.43,70.16,1135580.0
2022-12-13,69.11,69.84,68.79,69.51,2067472.0
2022-12-14,70.25,71.05,69.41,70.22,957868.0
2022-12-15,66.5,68.0,65.12,66.62,2459897.0
2022-12-16,67.39,68.74,66.36,67.71,1284123.0
2022-12-19,70.38,70.57,69.98,70.17,2094689.0
2022-12-20,68.81,69.42,68.4,69.0,1336217.0
2022-12-21,68.45,68.61,67.71,67.87,1084464.0
2022-12-22,65.48,65.98,65.44,65.93,959445.0
2022-12-23,68.74,69.17,68.66,69.09,2741215.0
2022-12-26,71.2,71.8,70.41,71.01,2211947.0
2022-12-27,71.64,73.01,69.99,71.35,1937490.0
2022-12-28,69.36,70.07,68.7,69.41,1737525.0
2022-12-29,70.25,71.01,69.53,70.29,2220365.0
2022-12-30,73.09,73.53,72.62,73.06,1811383.0
2023-01-02,73.22,74.5,71.73,73.01,1921745.0
2023-01-03,70.21,70.96,69.61,70.36,1144485.0
2023-01-04,73.73,74.78,72.45,73.49,1975481.0
2023-01-05,75.91,76.31,75.56,75.95,1369100.0
2023-01-06,78.53,79.64,77.62,78.73,1355809.0
2023-01-09,76.52,78.86,74.35,76.69,1349721.0
2023-01-10,77.93,78.3,77.37,77.75,1225639.0
2023-01-11,75.51,75.8,75.15,75.44,1682634.0
2023-01-12,76.87,77.09,76.85,77.07,1351733.0
2023-01-13,78.63,79.41,77.84,78.61,1886986.0
2023-01-16,79.44,79.83,79.34,79.73,770118.0
2023-01-17,80.75,81.11,80.62,80.98,1194729.0
2023-01-18,82.5,84.3,80.24,82.03,1977093.0
2023-01-19,83.25,84.83,82.25,83.82,802862.0
2023-01-20,82.87,84.51,81.98,83.61,1551834.0
2023-01-23,82.68,83.35,82.51,83.18,773374.0
2023-01-24,82.75,83.87,81.76,82.87,1886055.0
2023-01-25,81.83,82.09,80.86,81.12,2347678.0
2023-01-26,82.17,82.57,81.88,82.28,2173991.0
2023-01-27,83.13,84.24,82.55,83.66,1901537.0
2023-01-30,87.2,88.94,85.32,87.05,1605773.0
2023-01-31,88.92,89.41,88.32,88.81,1575895.0
2023-02-01,89.74,89.95,89.02,89.22,1117996.0
2023-02-02,90.15,90.46,89.87,90.18,1407379.0
2023-02-03,92.7,94.15,92.07,93.52,1354040.0
2023-02-06,93.58,94.38,93.19,93.99,1581943.0
2023-02-07,96.65,98.18,95.35,96.88,1175075.0
2023-02-08,100.67,102.12,99.59,101.04,2726980.0
2023-02-09,102.66,103.72,102.21,103.26,1017375.0
2023-02-10,104.92,107.5,102.96,105.53,922806.0
2023-02-13,105.44,107.27,103.86,105.69,1874403.0
2023-02-14,106.4,107.2,105.04,105.84,755560.0
2023-02-15,110.14,110.84,109.73,110.42,2582397.0
2023-02-16,110.7,112.59,109.88,111.76,608892.0
2023-02-17,116.2,116.41,115.97,116.18,2344950.0
2023-02-20,115.8,116.86,115.76,116.81,2068015.0
2023-02-21,121.15,123.25,118.84,120.94,2116986.0
2023-02-22,123.84,124.17,122.99,123.32,689110.0
2023-02-23,119.75,121.37,118.31,119.92,2180040.0
2023-02-24,119.72,120.64,118.87,119.79,1016661.0
2023-02-27,118.05,119.31,117.25,118.51,638797.0
2023-02-28,111.67,112.67,111.25,112.25,1978269.0
2023-03-01,109.07,110.0,108.8,109.72,2093117.0
2023-03-02,109.76,110.52,109.26,110.02,1069457.0
2023-03-03,109.44,111.78,107.58,109.91,590586.0
2023-03-06,109.95,110.93,109.49,110.47,1536508.0
2023-03-07,112.2,112.97,111.61,112.38,2162474.0
2023-03-08,110.42,112.07,109.59,111.23,1662723.0
2023-03-09,112.27,112.85,111.15,111.73,1814373.0
2023-03-10,110.24,111.04,109.88,110.67,1649387.0
2023-03-13,114.24,114.79,113.81,114.36,2650560.0
2023-03-14,116.7,119.08,114.57,116.94,1473216.0
2023-03-15,120.77,122.35,118.14,119.71,1411258.0
2023-03-16,122.87,125.42,120.56,123.1,2440283.0
2023-03-17,126.01,127.18,124.51,125.67,1613083.0
2023-03-20,123.57,124.89,122.74,124.05,2030087.0
2023-03-21,127.2,127.78,126.06,126.64,1830254.0
2023-03-22,132.47,134.49,129.97,131.98,1626244.0
2023-03-23,137.94,139.74,136.67,138.47,1251761.0
2023-03-24,138.1,139.14,136.12,137.16,906436.0
2023-03-27,140.05,141.55,138.32,139.82,677745.0
2023-03-28,138.49,140.22,136.23,137.95,1131413.0
2023-03-29,138.95,139.41,138.51,138.97,668399.0
2023-03-30,136.89,140.4,134.27,137.77,1025483.0
2023-03-31,139.83,140.14,139.47,139.78,659602.0
2023-04-03,140.97,142.29,139.64,140.96,655155.0
2023-04-04,148.84,149.73,148.55,149.44,1619749.0
2023-04-05,150.35,151.51,148.86,150.02,976716.0
2023-04-06,149.8,152.64,146.77,149.61,1900828.0
2023-04-07,153.29,154.91,151.39,153.01,1158095.0
2023-04-10,153.18,155.06,152.18,154.06,1549782.0
2023-04-11,152.92,153.68,152.85,153.61,1540858.0
2023-04-12,158.76,161.89,155.09,158.2,911651.0
2023-04-13,160.5,161.71,159.46,160.67,1842335.0
2023-04-14,159.53,160.13,158.71,159.31,542464.0
2023-04-17,157.77,159.91,154.73,156.85,2235264.0
2023-04-18,159.59,160.56,156.45,157.41,649902.0
2023-04-19,150.3,152.81,148.99,151.49,1184264.0
2023-04-20,157.06,158.0,156.62,157.55,903106.0
2023-04-21,164.31,168.4,159.21,163.27,1349852.0
2023-04-24,163.33,166.02,161.99,164.67,1638267.0
2023-04-25,161.11,162.94,159.01,160.84,853724.0
2023-04-26,159.07,161.82,155.77,158.51,1774957.0
2023-04-27,163.02,163.61,161.02,161.6,1707077.0
2023-04-28,161.28,163.44,160.54,162.7,1522405.0
2023-05-01,161.59,162.3,160.91,161.63,1468599.0
2023-05-02,158.3,159.65,156.88,158.23,708600.0
2023-05-03,158.12,160.79,156.69,159.35,1559649.0
2023-05-04,161.38,164.58,158.2,161.4,991115.0
2023-05-05,166.56,169.14,162.7,165.25,1297333.0
2023-05-08,168.87,169.75,166.2,167.06,870990.0
2023-05-09,168.91,171.94,165.29,168.31,571159.0
2023-05-10,167.69,168.45,167.06,167.82,1697917.0
2023-05-11,164.66,167.49,162.64,165.46,1864528.0
2023-05-12,170.56,175.44,166.71,171.57,2604951.0
2023-05-15,169.85,170.43,168.91,169.49,1196169.0
2023-05-16,168.69,169.41,168.38,169.11,1287409.0
2023-05-17,169.79,172.45,168.13,170.78,739061.0
2023-05-18,166.7,167.05,165.55,165.9,1389428.0
2023-05-19,163.64,167.27,160.44,164.07,1910563.0
2023-05-22,164.58,164.87,163.88,164.16,1942798.0
2023-05-23,164.26,166.22,161.13,163.08,1174966.0
2023-05-24,168.58,170.29,167.17,168.88,1474767.0
2023-05-25,173.12,174.38,170.01,171.26,2062398.0
2023-05-26,176.47,179.73,172.42,175.66,2142689.0
2023-05-29,172.79,172.93,171.92,172.05,1319422.0
2023-05-30,171.07,172.77,169.75,171.45,752695.0
2023-05-31,178.36,180.83,175.44,177.91,2399106.0
2023-06-01,182.93,183.78,182.84,183.69,1914988.0
2023-06-02,185.8,186.86,184.56,185.62,758602.0
2023-06-05,183.49,185.27,182.47,184.24,602035.0
2023-06-06,185.1,189.78,179.8,184.47,1526728.0
2023-06-07,184.3,186.92,181.76,184.38,1934683.0
2023-06-08,183.99,184.73,181.44,182.18,1199609.0
2023-06-09,178.52,179.29,178.29,179.05,2171603.0
2023-06-12,172.71,174.16,171.79,173.24,2292799.0
2023-06-13,172.5,173.06,170.91,171.47,1134808.0
2023-06-14,172.0,174.39,169.25,171.62,1691907.0
2023-06-15,177.0,179.7,172.8,175.47,2371168.0
2023-06-16,183.68,185.32,181.53,183.16,1952026.0
2023-06-19,177.55,180.04,174.58,177.06,1712591.0
2023-06-20,177.7,179.83,175.67,177.8,775883.0
2023-06-21,173.53,174.91,172.63,174.01,1310381.0
2023-06-22,170.9,174.42,169.94,173.44,1108882.0
2023-06-23,180.27,180.62,179.74,180.1,1741334.0
2023-06-26,184.77,188.27,181.12,184.62,2427274.0
2023-06-27,186.97,190.9,182.49,186.41,623399.0
2023-06-28,183.47,183.96,183.07,183.56,789848.0
2023-06-29,183.06,186.06,179.96,182.95,1071221.0
2023-06-30,186.93,190.87,181.95,185.86,1293583.0
2023-07-03,188.9,194.2,183.91,189.21,632519.0
2023-07-04,184.57,185.52,182.22,183.17,1283699.0
2023-07-05,183.78,186.87,181.21,184.3,685259.0
2023-07-06,186.13,187.13,184.66,185.66,1302144.0
2023-07-07,190.74,193.73,189.03,192.0,2245714.0
2023-07-10,189.67,190.25,189.58,190.15,
2023-07-11,183.53,184.63,181.46,182.55,2234443.0
2023-07-12,187.76,191.04,184.08,187.35,2273324.0
2023-07-13,188.17,188.82,187.87,188.52,754010.0
2023-07-14,192.83,197.11,188.08,192.35,2400311.0
2023-07-17,179.84,181.31,179.12,180.59,1762843.0
2023-07-18,175.93,178.17,173.86,176.1,1407802.0
2023-07-19,180.3,183.95,178.24,181.87,1810253.0
2023-07-20,182.67,184.94,178.54,180.78,864168.0
2023-07-21,184.9,187.72,182.68,185.48,1696001.0
2023-07-24,187.83,189.85,184.54,186.55,1694433.0
2023-07-25,187.41,187.9,184.66,185.15,752307.0
2023-07-26,181.81,184.66,178.65,181.49,1116287.0
2023-07-27,189.59,189.8,189.58,189.8,1353566.0
2023-07-28,190.92,191.26,190.69,191.03,678358.0
2023-07-31,185.67,187.25,182.15,183.72,1536346.0
2023-08-01,184.84,184.94,184.54,184.63,1927533.0
2023-08-02,187.21,189.56,184.51,186.85,1281800.0
2023-08-03,185.96,187.51,185.6,187.15,917843.0
2023-08-04,186.28,188.16,185.11,186.98,968487.0
2023-08-07,194.42,197.01,190.01,192.57,808501.0
2023-08-08,185.17,187.92,182.32,185.08,1284736.0
2023-08-09,188.87,189.62,187.12,187.87,2185314.0
2023-08-10,190.15,190.35,189.0,189.2,1442345.0
2023-08-11,191.73,194.88,189.54,192.67,2153558.0
2023-08-14,194.54,195.08,193.56,194.1,892603.0
2023-08-15,200.01,200.01,199.23,199.23,2073693.0
2023-08-16,192.49,195.7,190.93,194.13,1023202.0
2023-08-17,193.11,193.5,192.89,193.28,1745789.0
2023-08-18,194.51,195.99,192.02,193.49,1969263.0
2023-08-21,188.33,188.87,186.68,187.22,1804438.0
2023-08-22,186.48,187.89,186.44,187.85,1001083.0
2023-08-23,192.35,194.98,190.52,193.15,1420805.0
2023-08-24,194.53,196.78,192.91,195.15,1848410.0
2023-08-25,193.33,194.77,191.49,192.92,1971378.0
2023-08-28,190.42,194.42,187.55,191.53,636415.0
2023-08-29,184.25,185.06,184.18,185.0,2297517.0
2023-08-30,179.76,180.44,178.45,179.12,2356140.0
2023-08-31,180.15,181.14,178.76,179.75,1984459.0
2023-09-01,176.71,178.71,173.63,175.63,1537691.0
2023-09-04,173.73,177.89,169.89,174.04,1857060.0
2023-09-05,169.37,169.59,168.86,169.08,1919315.0
2023-09-06,169.89,171.02,168.89,170.01,1886423.0
2023-09-07,169.83,171.13,169.14,170.44,1653520.0
2023-09-08,165.47,166.88,164.12,165.53,747834.0
2023-09-11,165.3,165.64,163.49,163.82,1956175.0
2023-09-12,158.09,158.71,157.33,157.95,1064743.0
2023-09-13,161.93,162.08,160.33,160.48,1631533.0
2023-09-14,164.41,164.66,163.73,163.98,801587.0
2023-09-15,166.62,167.41,165.06,165.85,1721656.0
2023-09-18,166.41,167.42,165.89,166.89,1181754.0
2023-09-19,166.02,166.14,165.74,165.86,1536282.0
2023-09-20,161.4,162.86,160.04,161.51,2099793.0
2023-09-21,161.77,163.67,160.12,162.02,532258.0
2023-09-22,161.46,162.7,161.4,162.63,1054770.0
2023-09-25,157.4,161.68,152.4,156.66,2488050.0
2023-09-26,164.78,168.74,160.98,164.93,2284062.0
2023-09-27,164.83,167.39,160.87,163.41,1238199.0
2023-09-28,161.41,162.35,160.08,161.01,1293706.0
2023-09-29,163.61,166.55,160.9,163.84,1913947.0
2023-10-02,156.28,156.51,155.44,155.66,1525376.0
2023-10-03,153.23,155.71,151.07,153.54,568453.0
2023-10-04,150.63,166.56,149.61,150.39,4142817.0
2023-10-05,149.92,150.76,149.87,150.71,1044547.0
2023-10-06,154.12,156.85,151.85,154.58,695483.0
2023-10-09,153.92,154.43,153.75,154.27,1737576.0
2023-10-10,150.64,153.6,147.6,150.56,2222889.0
2023-10-11,157.09,157.43,155.59,155.92,2689620.0
2023-10-12,156.25,156.9,156.23,156.89,1388435.0
2023-10-13,158.73,159.64,158.27,159.18,1167097.0
2023-10-16,160.9,161.79,159.21,160.1,529811.0
2023-10-17,156.42,158.71,154.76,157.04,1012502.0
2023-10-18,149.45,151.54,148.74,150.83,2531423.0
2023-10-19,147.93,147.95,147.23,147.25,1231367.0
2023-10-20,145.93,147.18,145.46,146.7,774435.0
2023-10-23,142.53,143.08,141.77,142.32,1885700.0
2023-10-24,142.12,143.97,139.86,141.7,786011.0
2023-10-25,140.16,142.36,137.91,140.11,2115869.0
2023-10-26,139.24,140.23,138.94,139.93,1079209.0
2023-10-27,135.62,138.43,134.35,137.15,886947.0
2023-10-30,134.01,134.7,133.3,133.99,2085487.0
2023-10-31,128.63,129.65,126.79,127.8,1072248.0
2023-11-01,124.59,125.51,124.47,125.39,665567.0
2023-11-02,121.54,121.71,121.13,121.29,748970.0
2023-11-03,120.29,121.95,118.86,120.53,2096215.0
2023-11-06,120.36,122.28,118.77,120.7,1028116.0
2023-11-07,117.88,118.45,116.62,117.19,779035.0
2023-11-08,117.6,119.73,116.13,118.25,1585310.0
2023-11-09,117.2,117.67,116.02,116.48,1233579.0
2023-11-10,117.51,118.03,117.18,117.7,945999.0
2023-11-13,120.65,122.3,118.04,119.69,1219509.0
2023-11-14,121.48,122.07,120.56,121.15,1351101.0
2023-11-15,120.74,121.34,119.37,119.97,590721.0
2023-11-16,118.67,119.99,116.69,117.99,679560.0
2023-11-17,114.77,115.87,114.09,115.19,892146.0
2023-11-20,114.41,115.18,113.8,114.57,1967077.0
2023-11-21,113.99,114.45,113.74,114.2,1949649.0
2023-11-22,112.3,113.5,111.56,112.76,1486770.0
2023-11-23,113.06,114.99,111.94,113.85,822288.0
2023-11-24,115.17,115.45,114.54,114.82,1148268.0
2023-11-27,113.63,114.99,111.75,113.09,660907.0
2023-11-28,112.49,113.71,112.22,113.44,865792.0
2023-11-29,113.42,114.68,113.22,114.48,2120661.0
2023-11-30,111.73,114.02,111.08,113.37,1126792.0
2023-12-01,114.83,115.81,113.47,114.44,1108177.0
2023-12-04,115.75,117.21,114.42,115.88,1176182.0
2023-12-05,119.28,120.13,118.18,119.03,1389741.0
2023-12-06,120.1,120.6,119.95,120.45,1690485.0
2023-12-07,126.29,126.69,125.05,125.45,1103875.0
2023-12-08,123.89,124.26,122.53,122.89,970824.0
2023-12-11,124.68,126.68,123.63,125.62,2384652.0
2023-12-12,123.82,126.56,122.73,125.45,1872645.0
2023-12-13,130.56,131.08,130.26,130.78,976541.0
2023-12-14,127.17,128.89,126.21,127.93,2142925.0
2023-12-15,126.45,126.67,125.81,126.03,1833457.0
2023-12-18,130.83,133.27,127.85,130.27,1968393.0
2023-12-19,129.8,130.8,128.55,129.55,1150493.0
2023-12-20,133.52,135.13,131.96,133.58,1323505.0
2023-12-21,136.34,137.12,135.76,136.53,913880.0
2023-12-22,135.61,136.03,133.95,134.37,1682917.0
2023-12-25,133.3,134.17,132.48,133.36,1440760.0
2023-12-26,133.63,134.18,132.5,133.04,1180341.0
2023-12-27,133.74,135.18,132.72,134.15,1033785.0
2023-12-28,137.63,141.05,133.38,136.78,1674719.0
2023-12-29,137.38,138.9,135.63,137.14,1634301.0
